City_ID,City,Lat,Lng,Max Temp,Humidity,Cloudiness,Wind Speed,Country,Date
0,ribeira grande,38.5167,-28.7,76.77,73,40,4.0,PT,1691338418
1,waitangi,-43.9535,-176.5597,43.83,64,75,11.7,NZ,1691338122
2,udachny,66.4167,112.4,53.46,66,53,9.08,RU,1691338419
3,ocean shores,46.9737,-124.1563,64.96,97,100,5.75,US,1691338419
4,port-aux-francais,-49.35,70.2167,40.3,90,93,29.89,TF,1691338419
5,papatowai,-46.5619,169.4708,42.78,94,97,5.64,NZ,1691338419
6,puerto rico,-26.796,-55.024,85.96,29,0,7.14,AR,1691338077
7,matoury,4.8483,-52.3317,89.56,58,20,5.75,GF,1691338420
8,zhezqazghan,47.7833,67.7667,80.58,37,37,13.78,KZ,1691338420
9,grytviken,-54.2811,-36.5092,18.52,74,17,2.71,GS,1691338420
10,fort st. john,56.2499,-120.8529,66.09,68,75,3.44,CA,1691338420
11,blackmans bay,-43.0167,147.3167,42.53,93,21,5.03,AU,1691338420
12,nurota,40.5614,65.6886,83.97,26,27,7.96,UZ,1691338420
13,bethel,41.3712,-73.414,82.98,54,0,4.61,US,1691338274
14,badger,64.8,-147.5333,67.71,73,100,5.75,US,1691338421
15,sur,22.5667,59.5289,89.91,57,68,11.59,OM,1691338421
16,port mathurin,-19.6833,63.4167,73.45,62,30,25.75,MU,1691338421
17,jamestown,42.097,-79.2353,82.02,60,75,8.05,US,1691338315
18,sipalay,9.75,122.5,78.22,91,39,4.65,PH,1691338421
19,katsuura,35.1333,140.3,79.54,89,11,12.28,JP,1691338421
20,chonchi,-42.6128,-73.8092,52.12,66,42,2.08,CL,1691338421
21,la passe,45.5549,-0.8967,73.63,58,31,15.32,FR,1691338422
22,kingston,17.997,-76.7936,91.24,67,25,1.99,JM,1691338255
23,kidal,18.4411,1.4078,100.35,26,5,16.4,ML,1691338422
24,bilibino,68.0546,166.4372,34.48,89,100,7.76,RU,1691338422
25,alofi,-19.0595,-169.9187,74.41,86,96,10.89,NU,1691338422
26,mananjary,-21.2167,48.3333,66.99,81,24,3.24,MG,1691338423
27,albany,42.6001,-73.9662,78.93,56,6,1.99,US,1691338423
28,tazovsky,67.4667,78.7,61.93,65,3,4.09,RU,1691338423
29,puerto ayora,-0.7393,-90.3518,84.16,91,41,8.01,EC,1691338423
30,machico,32.7,-16.7667,84.7,72,20,6.91,PT,1691338423
31,touros,-5.1989,-35.4608,84.34,60,1,18.79,BR,1691338424
32,carnarvon,-24.8667,113.6333,67.95,79,3,6.02,AU,1691338424
33,alice springs,-23.7,133.8833,49.55,71,0,4.61,AU,1691338424
34,smara,26.7384,-11.6719,92.7,28,0,11.01,EH,1691338424
35,hamilton,39.1834,-84.5333,83.77,71,20,20.71,US,1691338375
36,bamboo flat,11.7,92.7167,82.2,84,79,14.47,IN,1691338424
37,priozersk,61.0393,30.1291,71.1,96,43,7.7,RU,1691338425
38,adamstown,-25.066,-130.1015,68.83,72,12,23.8,PN,1691338425
39,anadyr,64.75,177.4833,52.3,81,75,6.71,RU,1691338425
40,port elizabeth,-33.918,25.5701,61.11,88,20,9.22,ZA,1691338404
41,yashikira,9.7667,3.4,75.72,86,100,5.91,NG,1691338425
42,broken hill,-31.95,141.4333,44.92,76,54,9.19,AU,1691338426
43,talnakh,69.4865,88.3972,65.21,57,36,6.6,RU,1691338426
44,mata-utu,-13.2816,-176.1745,80.65,82,13,3.36,WF,1691338426
45,iqaluit,63.7506,-68.5145,47.93,81,20,4.61,CA,1691338426
46,new norfolk,-42.7826,147.0587,43.72,97,25,3.06,AU,1691338426
47,puerto natales,-51.7236,-72.4875,34.86,69,45,8.5,CL,1691338217
48,keflavik,64.0049,-22.5624,53.51,100,75,2.3,IS,1691338426
49,el calafate,-50.3408,-72.2768,29.89,66,0,8.55,AR,1691338427
50,nouadhibou,20.931,-17.0347,76.98,61,75,20.71,MR,1691338427
51,longyearbyen,78.2186,15.6401,53.44,71,75,8.05,SJ,1691338427
52,kayangel,8.0823,134.7173,82.98,80,100,17.09,PW,1691338427
53,vilyuchinsk,52.9306,158.4028,59.27,86,100,7.85,RU,1691338427
54,weno,7.4515,151.8468,80.82,80,100,19.22,FM,1691338427
55,pisco,-13.7,-76.2167,69.85,68,20,9.22,PE,1691338427
56,atafu village,-8.5421,-172.5159,82.87,76,98,6.98,TK,1691338428
57,constantia,44.1833,28.65,81.28,74,10,11.81,RO,1691338428
58,vanimo,-2.6741,141.3028,76.35,91,99,3.27,PG,1691338428
59,harnai,30.1005,67.9374,93.83,37,2,5.46,PK,1691338428
60,hermanus,-34.4187,19.2345,60.8,86,3,2.57,ZA,1691338428
61,lihue,21.9789,-159.3672,78.39,83,40,11.5,US,1691338429
62,cedeira,43.6797,-8.0209,74.98,65,5,21.21,ES,1691338429
63,mayya,61.7333,130.2811,61.92,71,8,5.53,RU,1691338429
64,yellowknife,62.456,-114.3525,61.88,56,3,6.76,CA,1691338238
65,la paz,-16.5,-68.15,55.38,24,20,5.75,BO,1691338429
66,invercargill,-46.4,168.35,44.02,94,89,1.01,NZ,1691338429
67,ain smara,36.2674,6.5014,90.45,20,0,6.91,DZ,1691338429
68,ilulissat,69.2167,-51.1,48.22,53,0,3.44,GL,1691338430
69,edinburgh of the seven seas,-37.0676,-12.3116,50.36,72,24,44.65,SH,1691338430
70,colonia,50.9333,6.95,61.97,83,75,17.27,DE,1691338253
71,holualoa,19.6228,-155.9522,71.44,75,40,5.99,US,1691338430
72,tucurui,-3.7661,-49.6725,98.55,30,16,5.32,BR,1691338430
73,lebu,-37.6167,-73.65,55.69,65,22,1.5,CL,1691338431
74,guerrero negro,27.9769,-114.0611,80.42,44,35,0.56,MX,1691338431
75,wailua homesteads,22.0669,-159.378,77.79,84,40,11.5,US,1691338431
76,whitehorse,60.7161,-135.0538,64.02,62,37,11.01,CA,1691338183
77,malanje,-9.5402,16.341,84.6,15,0,4.72,AO,1691338431
78,severnoye,56.3491,78.3619,65.12,55,36,4.34,RU,1691338432
79,olonkinbyen,70.9221,-8.7187,38.41,89,100,25.5,SJ,1691338432
80,sao jose,-28.2333,-49.1667,88.32,26,0,4.18,BR,1691338432
81,kamloops,50.6665,-120.3192,70.57,49,20,3.44,CA,1691338432
82,oranjemund,-28.55,16.4333,57.97,74,3,7.25,,1691338432
83,hondomachi-hondo,32.45,130.2,83.07,80,82,11.05,JP,1691338432
84,katsuren-haebaru,26.3369,127.8719,80.62,100,100,31.68,JP,1691338432
85,baise city,23.8997,106.6133,78.28,97,100,0.54,CN,1691338433
86,hadibu,12.65,54.0333,78.69,76,16,19.82,YE,1691338433
87,pontianak,-0.0333,109.3333,76.98,88,40,3.44,ID,1691338433
88,demba,-5.51,22.2667,92.53,22,22,4.54,CD,1691338433
89,daru,-9.0763,143.2092,76.15,70,79,13.27,PG,1691338433
90,ushuaia,-54.8,-68.3,29.86,93,100,39.12,AR,1691338434
91,la ronge,55.1001,-105.2842,68.22,68,0,8.05,CA,1691338434
92,lorengau,-2.0226,147.2712,80.56,78,96,13.33,PG,1691338434
93,walvis bay,-22.9575,14.5053,67.89,52,6,16.87,,1691338434
94,hawaiian paradise park,19.5933,-154.9731,71.04,99,75,8.05,US,1691338434
95,parambu,-6.2111,-40.6944,91.71,27,20,9.04,BR,1691338434
96,mirny,62.5353,113.9611,62.24,72,100,13.0,RU,1691338435
97,cadale,2.7603,46.3222,77.47,81,100,19.13,SO,1691338435
98,taulaga,-11.0553,-171.0883,82.09,77,65,12.1,AS,1691338435
99,margate,51.3813,1.3862,66.69,59,60,7.0,GB,1691338336
100,margaret river,-33.95,115.0667,48.69,87,0,7.78,AU,1691338435
101,arroio grande,-32.2375,-53.0869,80.19,56,7,13.09,BR,1691338281
102,vadso,70.0744,29.7487,65.28,67,40,5.75,NO,1691338436
103,dryden,49.7833,-92.7503,71.89,60,0,4.61,CA,1691338436
104,nar'yan-mar,67.6713,53.087,69.28,72,78,7.72,RU,1691338238
105,belmonte,-15.8631,-38.8828,78.4,53,57,7.09,BR,1691338436
106,uturoa,-16.7333,-151.4333,77.88,73,23,8.14,PF,1691338436
107,buka,40.8108,69.1986,78.03,43,98,4.32,UZ,1691338436
108,lompoc,34.6391,-120.4579,74.93,85,75,7.0,US,1691338437
109,horta,38.5333,-28.6333,76.01,75,40,4.0,PT,1691338437
110,bredasdorp,-34.5322,20.0403,55.78,87,22,4.9,ZA,1691338437
111,harper,4.375,-7.7169,79.25,73,73,9.89,LR,1691338437
112,rongelap,11.1635,166.8941,82.47,77,33,11.99,MH,1691338437
113,dondo,-19.6094,34.7431,68.05,80,29,5.68,MZ,1691338437
114,serhetabat,35.2799,62.3438,88.95,22,0,13.67,TM,1691338438
115,al bawiti,28.3492,28.8659,105.15,8,0,12.28,EG,1691338438
116,enewetak,11.3474,162.3373,83.19,77,99,12.28,MH,1691338438
117,san patricio,28.017,-97.5169,95.09,48,23,12.37,US,1691338438
118,san antonio de pale,-1.4014,5.6325,74.61,75,14,10.8,GQ,1691338438
119,gisborne,-38.6533,178.0042,42.76,86,99,6.89,NZ,1691338438
120,nynashamn,58.9034,17.9479,62.11,95,100,21.39,SE,1691338439
121,issoudun,47.0,1.8333,68.65,49,0,12.66,FR,1691338439
122,kampene,-3.6,26.6667,82.4,52,68,2.95,CD,1691338439
123,bondoukou,8.0333,-2.8,79.72,81,78,7.72,CI,1691338439
124,gamba,-2.65,10.0,74.59,73,38,8.05,GA,1691338439
125,mahina,-17.5065,-149.489,71.37,83,20,3.44,PF,1691338439
126,diamantino,-14.4086,-56.4461,98.64,17,5,8.21,BR,1691338440
127,amuntai,-2.4177,115.2494,75.54,92,82,2.13,ID,1691338440
128,richards bay,-28.783,32.0377,67.37,70,0,11.56,ZA,1691338440
129,cabo san lucas,22.8909,-109.9124,86.5,79,75,14.97,MX,1691337959
130,arraial do cabo,-22.9661,-42.0278,76.86,73,0,24.16,BR,1691338185
131,fale old settlement,-9.3852,-171.2468,83.01,75,45,10.58,TK,1691338440
132,madera,37.1666,-119.8343,90.97,36,0,3.44,US,1691338440
133,boda,4.3189,17.4695,75.56,93,100,3.33,CF,1691338441
134,el attaf,36.2239,1.6719,98.38,13,0,8.3,DZ,1691338441
135,kitimat,54.0524,-128.6534,69.91,56,97,3.0,CA,1691338297
136,port douglas,-16.4833,145.4667,66.99,82,27,12.28,AU,1691338441
137,genhe,50.7833,121.5167,55.94,67,100,1.54,CN,1691338441
138,leh,34.1667,77.5833,69.84,36,41,6.89,IN,1691338441
139,new plymouth,-39.0667,174.0833,52.81,85,100,10.09,NZ,1691338441
140,ta`u,-14.2336,-169.5144,80.55,78,48,9.13,AS,1691338442
141,nha trang,12.25,109.1833,86.0,75,45,5.77,VN,1691338442
142,pacific grove,36.6177,-121.9166,64.2,95,40,1.99,US,1691338155
143,west island,-12.1568,96.8225,78.78,89,40,14.97,CC,1691338442
144,hami,42.8,93.45,90.19,13,14,12.91,CN,1691338442
145,stanley,54.868,-1.6985,60.75,75,20,8.05,GB,1691338443
146,bam,29.106,58.357,94.06,13,0,11.7,IR,1691338443
147,pailon,-17.65,-62.75,90.5,29,12,19.04,BO,1691338443
148,puerto armuelles,8.2833,-82.8667,91.38,70,100,3.0,PA,1691338392
149,rio grande,-32.035,-52.0986,87.91,65,2,12.24,BR,1691338443
150,saipan,15.1355,145.701,81.3,100,40,0.0,MP,1691338444
151,camocim,-2.9022,-40.8411,91.27,49,1,13.98,BR,1691338444
152,egilsstadir,65.2653,-14.3948,53.51,71,40,11.5,IS,1691338444
153,bafoulabe,13.8065,-10.8321,87.08,67,100,4.7,ML,1691338444
154,kurumkan,54.3,110.3,59.99,92,100,4.94,RU,1691338444
155,verin,41.9415,-7.4381,87.57,14,3,8.81,ES,1691338444
156,huanggang,23.677,116.9996,82.0,85,1,5.88,CN,1691338445
157,isafjordur,66.0755,-23.124,57.24,58,0,9.22,IS,1691338445
158,swakopmund,-22.6833,14.5333,62.37,67,12,11.07,,1691338445
159,selkirk,50.1436,-96.8845,76.08,59,2,10.56,CA,1691338445
160,brookings,44.3114,-96.7984,69.8,83,75,11.5,US,1691338201
161,kapuskasing,49.4169,-82.4331,75.29,46,75,6.91,CA,1691338445
162,senillosa,-39.0,-68.4167,56.98,35,14,23.89,AR,1691338446
163,wynyard,-41.0,145.7167,45.34,82,7,5.12,AU,1691338446
164,vilhena,-12.7406,-60.1458,93.51,22,19,6.22,BR,1691338446
165,puerto baquerizo moreno,-0.9,-89.6,79.79,69,40,16.11,EC,1691338446
166,college,64.8569,-147.8028,67.8,68,75,5.75,US,1691338446
167,fayroz koh,34.5195,65.2509,65.8,39,0,13.33,AF,1691338446
168,remire-montjoly,4.9167,-52.2667,89.64,58,20,5.75,GF,1691338447
169,barakani,-12.1356,44.4317,76.41,75,34,3.58,KM,1691338447
170,lerwick,60.1545,-1.1494,57.2,68,96,3.44,GB,1691338447
171,nemuro,43.3236,145.575,57.34,96,100,12.21,JP,1691338447
172,alesund,62.4723,6.1549,58.33,80,75,14.97,NO,1691338447
173,thunder bay,48.4001,-89.3168,68.76,50,100,4.47,CA,1691338265
174,nahiyat ash shinafiyah,31.5874,44.6602,108.79,10,0,8.72,IQ,1691338448
175,st. john's,47.5649,-52.7093,61.29,95,100,14.97,CA,1691338349
176,pandeglang,-6.3084,106.1067,73.42,87,22,0.49,ID,1691338448
177,portland,45.5234,-122.6762,67.98,86,100,1.99,US,1691338263
178,punta arenas,-53.15,-70.9167,33.31,65,90,21.41,CL,1691338360
179,lafiagi,8.8667,5.4167,78.62,89,100,6.04,NG,1691338449
180,saint-philippe,-21.3585,55.7679,67.59,84,97,18.1,RE,1691338449
181,souillac,-20.5167,57.5167,71.98,60,40,18.41,MU,1691338449
182,seven pagodas,12.6264,80.1722,87.85,77,93,8.21,IN,1691338449
183,puerto leguizamo,-0.1934,-74.7819,80.2,72,100,2.26,CO,1691338449
184,port augusta,-32.5,137.7667,43.52,75,7,3.56,AU,1691338450
185,codrington,-38.2667,141.9667,43.18,87,8,4.07,AU,1691338450
186,lewistown,40.5992,-77.5714,84.61,65,0,0.0,US,1691338450
187,luderitz,-26.6481,15.1594,64.22,65,2,11.59,,1691338450
188,port lincoln,-34.7333,135.8667,51.3,76,49,9.4,AU,1691338450
189,newman,37.3138,-121.0208,82.24,31,0,4.23,US,1691338451
190,hithadhoo,-0.6,73.0833,82.85,75,93,6.58,MV,1691338451
191,thompson,55.7435,-97.8558,59.16,88,100,11.5,CA,1691338451
192,happy valley-goose bay,53.3168,-60.3315,64.71,77,100,5.75,CA,1691338451
193,afaahiti,-17.75,-149.2833,69.67,77,74,4.92,PF,1691338451
194,prachuap khiri khan,12.2167,99.75,77.14,78,100,9.01,TH,1691338451
195,sao jose da coroa grande,-8.8978,-35.1478,78.31,80,44,12.15,BR,1691338452
196,fisterra,42.9049,-9.2629,80.74,62,13,24.85,ES,1691338452
197,isangel,-19.55,169.2667,70.52,80,100,17.31,VU,1691338452
198,al hudaydah,14.7978,42.9545,90.27,53,96,12.91,YE,1691338452
199,kirovsk,48.6375,38.6428,88.81,35,0,11.99,UA,1691338452
200,williams lake,52.1415,-122.1445,70.05,51,27,3.0,CA,1691338453
201,wuyang,31.9925,116.2472,80.04,89,99,5.59,CN,1691338453
202,santa terezinha,-29.9002,-50.0904,73.22,67,0,5.91,BR,1691338453
203,ridder,50.355,83.5133,60.37,82,14,4.43,KZ,1691338453
204,purificacion,3.8587,-74.9313,96.98,29,74,8.84,CO,1691338453
205,fort mcmurray,56.7268,-111.381,60.39,88,100,10.36,CA,1691338394
206,ardestan,33.3761,52.3694,94.12,12,7,12.66,IR,1691338454
207,urcos,-13.6861,-71.6228,60.69,39,6,5.12,PE,1691338454
208,ust-nera,64.5667,143.2,40.46,90,12,7.34,RU,1691338454
209,puerto penasco,31.3167,-113.5333,88.92,80,0,28.01,MX,1691338197
210,kodinsk,58.6881,99.1844,50.74,74,53,3.51,RU,1691338454
211,galliano,29.4422,-90.2992,96.01,58,75,9.22,US,1691338253
212,dano,11.15,-3.0667,76.01,78,100,9.64,BF,1691338455
213,vanino,49.0869,140.2543,53.47,90,1,4.0,RU,1691338455
214,fortaleza,-3.7227,-38.5247,86.13,58,20,16.11,BR,1691338200
215,severo-yeniseyskiy,60.3725,93.0408,47.21,98,94,0.25,RU,1691338455
216,dudinka,69.4058,86.1778,65.62,54,19,3.06,RU,1691338456
217,otjimbingwe,-22.35,16.1333,80.94,14,0,3.51,,1691338456
218,tilcara,-23.5776,-65.3509,60.13,12,0,11.61,AR,1691338456
219,sant lluis,39.8526,4.2594,75.6,64,75,10.36,ES,1691338456
220,tura,25.5198,90.2201,75.27,98,100,5.91,IN,1691338456
221,zuni pueblo,35.0725,-108.8506,81.25,11,0,7.94,US,1691338456
222,aripuana,-9.1667,-60.6333,100.83,19,43,3.56,BR,1691338173
223,serdobsk,52.4586,44.2169,76.6,62,0,7.85,RU,1691338457
224,puerto madero,14.7208,-92.4215,89.8,79,20,5.75,MX,1691338457
225,idri,27.5,13.2667,107.6,13,0,5.19,LY,1691338457
226,shira,54.4911,89.9531,56.71,60,79,0.34,RU,1691338457
227,avarua,-21.2078,-159.775,68.05,94,75,2.3,CK,1691338457
228,tiksi,71.6872,128.8694,37.69,70,62,5.28,RU,1691338458
229,georgetown,5.4112,100.3354,84.13,74,20,3.44,MY,1691338313
230,ogaki,35.35,136.6167,82.11,92,62,6.87,JP,1691338276
231,nantucket,41.2835,-70.0995,82.45,49,0,10.36,US,1691338304
232,maragogi,-9.0122,-35.2225,77.61,83,49,11.86,BR,1691338458
233,mareeba,-17.0,145.4333,63.32,89,18,2.28,AU,1691338458
234,butembo,0.15,29.2833,68.09,57,74,1.41,CD,1691338459
235,santa cruz,-17.8,-63.1667,89.06,51,2,28.77,BO,1691338459
236,viedma,-40.8135,-62.9967,61.97,22,1,16.62,AR,1691338459
237,kodiak,57.79,-152.4072,53.11,94,100,9.22,US,1691338312
238,kamiiso,41.8167,140.65,71.87,98,100,5.28,JP,1691338459
239,mount pearl,47.5166,-52.7813,60.46,94,100,3.0,CA,1691338319
240,mandera,3.9366,41.867,89.31,33,100,20.65,KE,1691338460
241,winchester,51.0651,-1.3187,69.3,58,20,11.5,GB,1691338329
242,beloyarskiy,63.7119,66.6722,69.3,53,0,4.32,RU,1691338460
243,hilo,19.7297,-155.09,72.28,68,75,8.05,US,1691338460
244,mount gambier,-37.8333,140.7667,41.52,89,17,1.72,AU,1691338461
245,olean,42.0776,-78.4297,80.65,60,40,6.91,US,1691338461
246,samalut,28.3121,30.7101,107.47,8,0,10.2,EG,1691338461
247,lagoa formosa,-18.7786,-46.4075,83.01,20,18,9.35,BR,1691338461
248,tandur,17.2333,77.5833,78.93,74,100,8.21,IN,1691338462
249,qamdo,31.1667,97.2333,42.15,79,37,2.89,CN,1691338462
250,sodra sandby,56.5667,16.6167,60.66,97,100,19.86,SE,1691338462
251,velikiy ustyug,60.7644,46.3106,69.8,71,74,3.33,RU,1691338462
252,qaqortoq,60.7167,-46.0333,43.63,85,27,5.26,GL,1691338462
253,naze,28.3667,129.4833,77.92,92,100,39.64,JP,1691338462
254,san juan de miraflores,-12.1629,-76.9635,70.32,71,77,9.33,PE,1691338463
255,mhangura,-16.8939,30.1683,64.15,57,87,4.18,ZW,1691338463
256,san agustin,20.5333,-103.4667,74.52,57,75,0.0,MX,1691338463
257,puerto quijarro,-17.7833,-57.7667,99.9,19,0,7.9,BO,1691338463
258,illizi,26.4833,8.4667,111.0,6,0,12.68,DZ,1691338464
259,lobito,-12.3481,13.5456,71.51,78,3,4.56,AO,1691338464
260,namibe,-15.1961,12.1522,68.94,79,2,10.83,AO,1691338347
261,port saint john's,-31.6229,29.5448,69.46,55,1,8.5,ZA,1691338464
262,olyokminsk,60.3736,120.4264,65.17,81,100,4.23,RU,1691338465
263,guaiba,-30.1139,-51.325,86.58,47,0,12.66,BR,1691338465
264,xinyuan,37.3,99.0,45.9,84,82,1.66,CN,1691338468
265,taltal,-25.4,-70.4833,63.75,69,9,6.46,CL,1691338470
266,kirakira,-10.4544,161.9205,76.48,90,100,6.89,SB,1691338470
267,gornopravdinsk,60.05,69.9,64.49,70,0,3.91,RU,1691338470
268,ingeniero jacobacci,-41.3427,-69.5448,49.59,32,19,9.19,AR,1691338470
269,coyhaique,-45.5752,-72.0662,44.55,61,40,5.75,CL,1691338471
270,taksimo,56.3444,114.8794,63.28,62,98,0.45,RU,1691338471
271,kingscliff,-28.2667,153.5667,58.8,77,73,10.36,AU,1691338477
272,west bay,19.3667,-81.4167,91.0,76,20,11.5,KY,1691338486
273,pangai,-19.8,-174.35,72.79,84,99,14.14,TO,1691338488
274,marsa alam,25.0757,34.8918,92.61,35,45,8.12,EG,1691338489
275,novodvinsk,64.4165,40.8122,68.34,72,48,4.63,RU,1691338489
276,tanumah,27.1,44.1333,100.06,8,0,10.33,SA,1691338489
277,coquimbo,-29.9533,-71.3436,65.93,52,75,3.44,CL,1691338490
278,christchurch,-43.5333,172.6333,45.91,88,100,3.44,NZ,1691338481
279,klyuchi,52.2667,79.1667,65.64,78,52,3.13,RU,1691338490
280,riversdale,18.1659,-76.9642,91.26,46,17,5.41,JM,1691338490
281,veraval,20.9,70.3667,80.64,86,64,20.51,IN,1691338490
282,praia da vitoria,38.7333,-27.0667,76.75,83,40,9.4,PT,1691338490
283,magadan,59.5667,150.8,52.54,62,83,7.63,RU,1691338491
284,soio,-6.1349,12.3689,74.01,81,13,11.43,AO,1691338491
285,ust-tsilma,65.441,52.1498,65.91,92,25,6.85,RU,1691338491
286,villanueva de la canada,40.4469,-4.0043,98.13,22,0,18.01,ES,1691338491
287,sebastopol,44.6,33.5333,80.01,53,0,8.99,UA,1691338491
288,mogadishu,2.0371,45.3438,76.62,84,100,16.71,SO,1691338491
289,aasiaat,68.7098,-52.8699,38.16,73,9,9.57,GL,1691338491
290,port alfred,-33.5906,26.891,63.18,88,3,3.0,ZA,1691338492
291,lakeway,30.3638,-97.9796,95.0,57,0,10.36,US,1691338492
292,bithur,26.6333,80.2833,81.63,82,98,9.13,IN,1691338492
293,selfoss,63.9331,-20.9971,56.05,75,100,1.01,IS,1691338492
294,grande prairie,55.1667,-118.8027,64.58,68,20,2.3,CA,1691338323
295,port moresby,-9.4431,147.1797,69.71,83,3,7.94,PG,1691338492
296,peachtree city,33.3968,-84.5958,91.92,66,40,9.22,US,1691338212
297,mount isa,-20.7333,139.5,55.17,54,0,5.75,AU,1691338493
298,petropavlovsk-kamchatsky,53.0452,158.6483,57.79,100,75,0.0,RU,1691338493
299,oban,56.4127,-5.4706,58.91,77,20,11.5,GB,1691338493
300,tralee,52.2704,-9.7026,61.05,67,40,5.75,IE,1691338493
301,andkhoy,36.9529,65.1238,93.9,19,31,10.76,AF,1691338493
302,dharchula,29.85,80.5333,74.66,93,96,0.98,IN,1691338494
303,kimberley,-28.7323,24.7623,64.09,25,0,4.61,ZA,1691338494
304,am timan,11.0297,20.2827,75.87,88,95,7.92,TD,1691338494
305,palmer,42.1584,-72.3287,81.45,51,0,5.75,US,1691338494
306,kolonia,50.9333,6.95,61.97,83,75,17.27,DE,1691338253
307,medina,24.4686,39.6142,104.43,6,0,11.5,SA,1691338387
308,gedzhukh,42.1279,48.0647,84.16,56,0,7.29,RU,1691338494
309,zheleznogorsk-ilimskiy,56.5768,104.1217,57.16,74,80,2.84,RU,1691338495
310,acarau,-2.8856,-40.12,89.29,53,0,19.22,BR,1691338405
311,mangaratiba,-22.9597,-44.0406,86.86,63,0,5.53,BR,1691338495
312,fort bragg,35.139,-79.006,91.2,61,20,8.05,US,1691338495
313,kapa'a,22.0752,-159.319,79.12,84,40,11.5,US,1691338495
314,vondrozo,-22.8167,47.2833,58.15,96,33,1.92,MG,1691338495
315,beberibe,-4.1797,-38.1306,86.52,55,0,14.92,BR,1691338495
316,sijunjung,-0.6876,100.9537,76.71,86,95,2.28,ID,1691338496
317,magdagachi,53.45,125.8,58.82,53,100,1.03,RU,1691338496
318,howard springs,-12.497,131.047,73.31,79,45,3.78,AU,1691338496
319,cerete,8.8848,-75.7905,87.85,73,100,2.37,CO,1691338496
320,east london,-33.0153,27.9116,65.34,88,75,5.75,ZA,1691338496
321,morondava,-20.2833,44.2833,74.1,81,4,10.22,MG,1691338496
322,culiacan,24.7994,-107.3897,85.68,70,40,5.75,MX,1691338368
323,plastun,44.7561,136.2939,58.95,89,99,4.07,RU,1691338497
324,golfito,8.639,-83.166,86.9,70,93,2.89,CR,1691338497
325,lodja,-3.4833,23.4333,92.97,25,21,1.21,CD,1691338497
326,sao francisco do sul,-26.2433,-48.6381,73.31,73,40,3.44,BR,1691338497
327,fauske,67.2588,15.3918,59.95,59,34,5.88,NO,1691338497
328,salinopolis,-0.6136,-47.3561,85.05,69,37,13.06,BR,1691338497
329,rosario oeste,-14.8361,-56.4275,99.9,17,12,5.57,BR,1691338498
330,as suwayq,23.8494,57.4386,90.32,65,86,5.99,OM,1691338498
331,rabaul,-4.1967,152.1721,77.36,73,95,18.66,PG,1691338498
332,amahai,-3.3333,128.9167,82.09,82,43,9.91,ID,1691338498
333,karratha,-20.7377,116.8463,72.23,57,56,6.31,AU,1691338498
334,santa ana,33.7456,-117.8678,87.35,78,20,4.61,US,1691338458
335,laguna,38.421,-121.4238,87.31,55,0,4.61,US,1691338499
336,dunedin,-45.8742,170.5036,48.79,76,78,5.99,NZ,1691338499
337,tindouf,27.6711,-8.1474,106.25,13,0,4.61,DZ,1691338499
338,scalea,39.813,15.7956,77.14,63,65,12.59,IT,1691338499
339,kavieng,-2.5744,150.7967,80.44,75,100,9.31,PG,1691338499
340,dhidhdhoo,6.8833,73.1,83.01,78,92,14.76,MV,1691338499
341,nema,57.5067,50.5011,69.44,69,7,5.5,RU,1691338500
342,quellon,-43.1167,-73.6167,48.45,71,100,3.44,CL,1691338500
343,ola,59.5833,151.2833,53.15,62,71,7.54,RU,1691338500
344,sibu,2.3,111.8167,79.11,94,40,1.14,MY,1691338500
345,tejen,37.3834,60.5054,94.05,25,0,9.66,TM,1691338500
346,campbell river,50.0163,-125.2446,69.6,77,75,2.3,CA,1691338500
347,iskateley,67.6803,53.1512,69.06,73,77,7.67,RU,1691338501
348,dubai,25.2582,55.3047,94.05,66,0,7.81,AE,1691338228
349,haverfordwest,51.8017,-4.9691,65.79,71,1,1.01,GB,1691338501
350,zlatna,46.1167,23.2167,66.58,76,84,12.03,RO,1691338501
351,kailua-kona,19.6406,-155.9956,75.16,75,40,5.99,US,1691338501
352,sitka,57.0531,-135.33,64.29,88,75,3.44,US,1691338501
353,nagqu,31.5,92.0,40.66,80,79,3.96,CN,1691338502
354,okha,53.5739,142.9478,53.65,71,86,7.23,RU,1691338502
355,geraldton,-28.7667,114.6,61.21,88,100,5.75,AU,1691338255
356,gordonvale,-17.0936,145.7842,67.78,92,44,6.51,AU,1691338447
357,saint-pierre,-21.3393,55.4781,69.57,88,100,21.85,RE,1691338504
358,masterton,-40.9597,175.6575,45.88,96,100,2.53,NZ,1691338504
359,cockburn town,21.4612,-71.1419,83.68,81,4,17.54,TC,1691338504
360,manggar,-2.8833,108.2667,80.51,82,19,11.99,ID,1691338504
361,haiku-pauwela,20.9219,-156.3051,76.05,69,0,5.01,US,1691338505
362,dawei,14.0833,98.2,76.91,94,100,3.74,MM,1691338505
363,ocos,14.5094,-92.1933,89.78,73,5,4.09,GT,1691338505
364,muroto-misakicho,33.2833,134.15,80.49,87,96,13.06,JP,1691338505
365,orchard homes,46.8633,-114.0484,63.39,96,100,1.01,US,1691338505
366,atbasar,51.8,68.3333,70.45,61,22,8.34,KZ,1691338506
367,marquette,46.5333,-87.6335,74.82,78,100,1.01,US,1691338506
368,oyem,1.5995,11.5793,73.8,86,75,3.83,GA,1691338506
369,thinadhoo,0.5333,72.9333,82.49,75,86,5.86,MV,1691338507
370,pitimbu,-7.4706,-34.8086,86.59,73,11,15.17,BR,1691338507
371,buala,-8.145,159.5921,77.22,88,100,4.12,SB,1691338507
372,minas de marcona,-15.2119,-75.1103,62.92,59,7,9.17,PE,1691338507
373,dzhalagash,45.0833,64.6667,86.86,27,55,6.67,KZ,1691338507
374,khandyga,62.6667,135.6,57.88,45,93,10.18,RU,1691338508
375,trail,49.0998,-117.7022,77.97,50,88,1.21,CA,1691338263
376,gobabis,-22.45,18.9667,70.14,13,2,11.65,,1691338508
377,turtas,58.9417,69.1325,63.27,76,8,4.5,RU,1691338508
378,salinas de hidalgo,22.6333,-101.7167,72.68,46,14,14.27,MX,1691338508
379,poxoreo,-15.8372,-54.3892,98.56,16,0,5.97,BR,1691338509
380,paradip garh,20.3167,86.6167,84.94,77,96,13.0,IN,1691338509
381,freetown,8.484,-13.2299,79.7,82,99,9.71,SL,1691338350
382,bubaque,11.2833,-15.8333,79.56,85,100,14.79,GW,1691338509
383,sisimiut,66.9395,-53.6735,49.84,68,1,9.13,GL,1691338509
384,nova sintra,14.8667,-24.7167,73.2,75,64,8.81,CV,1691338510
385,la maddalena,41.2142,9.4083,78.85,58,0,36.37,IT,1691338318
386,paulden,34.8856,-112.4682,91.56,21,0,3.8,US,1691338510
387,cold lake,54.4502,-110.2017,66.15,72,40,4.61,CA,1691338331
388,inhambane,-23.865,35.3833,67.98,77,20,4.61,MZ,1691338510
389,minas,-34.3759,-55.2377,71.06,63,85,14.45,UY,1691338511
390,boa vista,2.8197,-60.6733,89.58,55,75,8.05,BR,1691338511
391,san pedro pochutla,15.7333,-96.4667,91.11,61,90,2.24,MX,1691338511
392,castillos,-34.1667,-53.8333,75.76,57,34,8.9,UY,1691338511
393,mesquite,32.7668,-96.5992,95.07,51,0,1.99,US,1691338321
394,betio village,1.358,172.9211,83.46,75,31,9.6,KI,1691338511
395,lionel town,17.8101,-77.2406,93.09,54,9,14.32,JM,1691338512
396,barabai,-2.5833,115.3833,75.38,91,60,2.82,ID,1691338512
397,sandnessjoen,66.0217,12.6316,64.92,67,75,9.22,NO,1691338512
398,enriquillo,17.9,-71.2333,91.08,60,0,13.33,DO,1691338512
399,vila franca do campo,37.7167,-25.4333,73.81,63,66,3.29,PT,1691338512
400,crane,31.3974,-102.3501,91.63,32,0,18.97,US,1691338513
401,susuman,62.7833,148.1667,39.47,96,100,7.67,RU,1691338513
402,altinekin,38.3078,32.8686,95.56,14,0,14.88,TR,1691338513
403,tolanaro,-25.0319,46.9987,69.6,74,40,15.55,MG,1691338513
404,springbok,-29.6643,17.8865,62.22,37,3,4.32,ZA,1691338514
405,kununurra,-15.7667,128.7333,69.78,49,0,5.75,AU,1691338514
406,pesnica,46.6258,15.7128,72.32,73,75,11.5,SI,1691338514
407,kasongo-lunda,-6.4667,16.8167,93.34,16,5,4.92,CD,1691338514
408,mejit,10.2753,170.8646,81.84,81,100,16.58,MH,1691338514
409,north ward,-19.2454,146.8075,64.31,68,0,4.61,AU,1691338515
410,weinzierl bei krems,48.4,15.6,65.88,99,100,20.96,AT,1691338515
411,karasburg,-28.0167,18.75,75.51,17,4,8.16,,1691338515
412,pundong,-7.9522,110.3486,73.35,94,33,3.31,ID,1691338515
413,yuzhno-kurilsk,44.0306,145.8556,57.13,96,100,6.08,RU,1691338515
414,kabompo,-13.5927,24.2008,76.46,24,0,5.23,ZM,1691338516
415,yarmouth,41.7057,-70.2286,82.45,59,0,8.05,US,1691338516
416,tsiombe,-25.3,45.4833,68.79,71,0,14.54,MG,1691338516
417,virginia,37.5481,-77.4467,87.44,76,20,9.22,US,1691338420
418,norrtalje,59.758,18.705,63.84,95,100,12.84,SE,1691338516
419,rampur,28.8167,79.0333,86.22,70,93,3.87,IN,1691338516
420,utrik,11.2278,169.8474,82.09,80,86,15.17,MH,1691338517
421,kudahuvadhoo,2.6708,72.8944,83.55,74,100,11.3,MV,1691338517
422,pimentel,-6.8367,-79.9342,77.29,65,100,2.3,PE,1691338517
423,plettenberg bay,-34.0527,23.3716,57.11,80,3,3.31,ZA,1691338517
424,ulladulla,-35.35,150.4667,49.57,81,95,7.14,AU,1691338517
425,labuan,5.2767,115.2417,79.16,89,20,1.14,MY,1691338517
426,lakes by the bay,25.5723,-80.3253,95.02,72,17,5.99,US,1691338518
427,manokwari,-0.8667,134.0833,79.29,76,80,2.66,ID,1691338518
428,malango,-2.9627,119.9001,66.31,99,99,0.6,ID,1691338518
429,lazaro cardenas,17.9583,-102.2,84.25,68,100,2.77,MX,1691338518
430,bukama,-9.2,25.85,85.64,23,1,3.06,CD,1691338518
431,khovd,48.0056,91.6419,70.47,35,50,2.64,MN,1691338519
432,beboto,8.2668,16.939,70.43,99,100,3.49,TD,1691338519
433,keita,14.7551,5.7749,91.85,43,47,7.0,NE,1691338519
434,lovington,32.944,-103.3485,96.04,25,3,1.99,US,1691338519
435,yima,34.7381,111.8839,74.57,80,2,7.4,CN,1691338519
436,mana,5.6592,-53.7767,88.16,61,1,9.55,GF,1691338519
437,makurazaki,31.2667,130.3167,80.1,82,61,15.64,JP,1691338520
438,saeby,57.3319,10.5225,64.96,76,100,15.77,DK,1691338520
439,arauca,7.0847,-70.7591,83.44,76,97,3.6,CO,1691338520
440,gambela,8.25,34.5833,76.06,86,96,3.02,ET,1691338520
441,baie-comeau,49.2168,-68.1489,62.28,88,100,8.05,CA,1691338520
442,shchastya,48.7396,39.2323,91.02,36,0,9.13,UA,1691338521
443,baharly,38.4362,57.4316,95.83,30,0,5.75,TM,1691338521
444,kon tum,14.35,108.0,70.92,98,98,2.21,VN,1691338521
445,siverek,37.755,39.3167,98.58,16,0,9.46,TR,1691338521
446,gazojak,41.1875,61.4036,91.26,20,44,12.1,TM,1691338521
447,northam,51.0333,-4.2167,65.39,73,9,13.71,GB,1691338521
448,bereeda,11.8704,51.0579,87.53,57,77,3.98,SO,1691338522
449,lagos,6.5833,3.75,79.12,84,100,9.84,NG,1691338318
450,santa ana de yacuma,-13.75,-65.4333,93.15,43,40,11.5,BO,1691338522
451,hunts point,47.6434,-122.2301,69.33,88,100,5.75,US,1691338522
452,antofagasta,-23.65,-70.4,65.48,66,26,10.92,CL,1691338266
453,fortuna,40.5982,-124.1573,60.93,97,100,0.0,US,1691338522
454,gaigeturi,33.4644,126.3183,82.45,89,75,12.66,KR,1691338523
455,kupang,-10.1667,123.5833,75.18,70,8,12.53,ID,1691338523
456,vorgashor,67.5833,63.95,72.75,69,14,6.64,RU,1691338523
457,saint-paul,-21.0096,55.2707,70.0,99,68,2.57,RE,1691338523
458,vigan,17.5747,120.3869,79.79,86,67,11.32,PH,1691338523
459,chibougamau,49.9168,-74.3659,69.42,52,20,12.66,CA,1691338523
460,ardakan,32.31,54.0175,97.29,12,1,12.64,IR,1691338524
461,iskilip,40.7353,34.4739,92.89,19,0,3.83,TR,1691338524
462,diplo,24.4667,69.584,83.68,74,41,23.17,PK,1691338524
463,forster,-32.1667,152.5167,57.33,74,92,5.77,AU,1691338524
464,lindley,-27.8791,27.9135,52.95,23,1,4.34,ZA,1691338524
465,turuntayevo,52.2,107.6167,66.29,97,94,2.33,RU,1691338525
466,aykhal,66.0,111.5,53.58,63,100,8.52,RU,1691338525
467,punta alta,-38.8759,-62.0736,56.19,38,100,9.73,AR,1691338525
468,golere,16.2557,-14.1017,101.3,33,99,12.44,SN,1691338525
469,skjern,55.95,8.5,68.02,64,100,9.08,DK,1691338525
470,sittwe,20.15,92.9,81.63,86,100,13.96,MM,1691338525
471,jabor,5.921,169.6434,82.54,77,84,7.63,MH,1691338526
472,calvinia,-31.4707,19.776,58.91,34,7,3.13,ZA,1691338526
473,raduzhnyy,62.0961,77.475,65.43,49,0,7.38,RU,1691338526
474,isla mujeres,21.2311,-86.731,89.65,68,0,7.38,MX,1691338526
475,opatow,50.8006,21.4254,68.05,81,85,14.0,PL,1691338526
476,shimla,31.1,77.1667,62.8,90,34,3.44,IN,1691338526
477,yuci,37.6803,112.7319,78.55,69,0,8.95,CN,1691338527
478,belozersk,60.0326,37.7957,75.29,73,69,7.31,RU,1691338527
479,dompu,-8.5356,118.4622,69.66,93,89,3.04,ID,1691338527
480,tabou,4.423,-7.3528,78.94,74,63,10.11,CI,1691338527
481,cidreira,-30.1811,-50.2056,73.9,65,2,5.14,BR,1691338527
482,yeraliyev,43.2,51.65,90.36,30,0,12.5,KZ,1691338528
483,gaeta,41.2183,13.5628,78.62,66,56,8.08,IT,1691338528
484,mossendjo,-2.9506,12.7261,85.73,36,59,3.42,CG,1691338528
485,sabang,5.8933,95.3214,83.21,78,100,13.62,ID,1691338528
486,tongren,27.7172,109.1853,81.23,88,98,2.19,CN,1691338528
487,taoudenni,22.6783,-3.9836,121.19,4,1,11.48,ML,1691338528
488,flin flon,54.7682,-101.865,67.84,64,0,6.91,CA,1691338529
489,tazacorte,28.629,-17.9293,78.15,73,20,12.66,ES,1691338529
490,sinop,41.7711,34.8709,79.65,62,1,3.09,TR,1691338529
491,lundazi,-12.2929,33.1782,68.83,43,82,7.83,ZM,1691338529
492,vredendal,-31.6683,18.5012,58.6,68,4,9.53,ZA,1691338529
493,sassnitz,54.5167,13.65,57.79,88,100,27.2,DE,1691338530
494,qarchi gak,37.04,66.7889,93.74,19,0,14.94,AF,1691338530
495,pecanha,-18.5486,-42.5569,75.51,35,89,7.76,BR,1691338530
496,kerikeri,-35.2268,173.9474,45.91,93,100,2.64,NZ,1691338530
497,gannan,47.9147,123.5031,61.5,71,100,5.53,CN,1691338530
498,jiuquan,39.7432,98.5174,79.93,18,1,4.65,CN,1691338531
499,fish town,5.1964,-7.8756,80.98,70,88,6.24,LR,1691338531
500,cidade velha,14.9167,-23.6167,86.47,62,40,16.11,CV,1691338531
501,cruz,-2.9178,-40.1717,92.12,46,0,16.87,BR,1691338237
502,chui,-33.6971,-53.4616,76.69,53,100,11.79,UY,1691338532
503,megion,61.0296,76.1136,62.62,57,12,8.14,RU,1691338532
504,belo sur tsiribihina,-19.7,44.55,70.99,86,2,5.46,MG,1691338532
505,salavan,15.7167,106.4167,73.76,97,100,1.57,LA,1691338532
506,cascais,38.6979,-9.4215,102.06,23,0,16.11,PT,1691338532
507,afif,23.9065,42.9172,94.73,8,9,12.71,SA,1691338532
508,timbuktu,16.7735,-3.0074,95.67,38,98,17.58,ML,1691338533
509,opuwo,-18.0607,13.84,79.23,11,0,14.45,,1691338533
510,westport,41.1415,-73.3579,84.24,55,0,6.91,US,1691338508
511,banda aceh,5.5577,95.3222,80.51,82,98,8.21,ID,1691338533
512,bel ombre,-4.6167,55.4167,78.64,83,40,13.8,SC,1691338533
513,santa luzia,-19.7697,-43.8514,83.48,30,0,5.75,BR,1691338534
514,bodaybo,57.8506,114.1933,62.47,77,100,2.42,RU,1691338534
515,raduzhny,62.0961,77.475,65.43,49,0,7.38,RU,1691338534
516,floro,61.5996,5.0328,64.36,59,40,10.36,NO,1691338534
517,kamin-kashyrskyi,51.6241,24.9586,87.66,44,7,8.52,UA,1691338534
518,changyon,38.2508,125.0961,72.19,94,2,3.62,KP,1691338535
519,motygino,58.1831,94.7592,53.26,84,83,2.35,RU,1691338535
520,chitipa,-9.7024,33.2697,65.35,59,25,10.45,MW,1691338535
521,domerat,46.3606,2.5343,67.26,59,100,1.99,FR,1691338535
522,miles city,46.4083,-105.8406,70.77,73,75,4.61,US,1691338416
523,la'ie,21.6477,-157.9253,77.0,78,7,1.99,US,1691338535
524,amga,60.8953,131.9608,57.31,75,8,3.67,RU,1691338536
525,brisas de zicatela,15.8369,-97.0419,90.12,58,20,0.0,MX,1691338536
526,nova vicosa,-17.8919,-39.3719,78.62,52,11,10.02,BR,1691338536
527,lagoa,39.05,-27.9833,72.41,73,61,6.42,PT,1691338536
528,prince rupert,54.3161,-130.3201,66.29,92,0,5.75,CA,1691338536
529,leava,-14.3,-178.1667,79.88,83,50,7.58,WF,1691338523
530,sarangani,5.4033,125.4636,83.39,76,16,14.74,PH,1691338537
531,reyes,-14.3167,-67.3833,89.76,51,0,6.91,BO,1691338537
532,saryozek,44.3583,77.9753,69.82,53,100,4.43,KZ,1691338537
533,antigonish,45.6169,-61.9986,73.15,87,12,1.01,CA,1691338537
534,port blair,11.6667,92.75,82.17,84,82,14.54,IN,1691338538
535,riyadh,24.6877,46.7219,105.94,8,9,10.83,SA,1691338294
536,queenstown,-31.8976,26.8753,61.92,26,3,8.7,ZA,1691338538
537,kourou,5.1552,-52.6478,89.65,59,1,10.42,GF,1691338538
538,kulhudhuffushi,6.6221,73.07,82.9,78,91,14.74,MV,1691338538
539,drummondville,45.8834,-72.4824,75.02,52,4,7.0,CA,1691338274
540,luganville,-15.5333,167.1667,74.05,82,99,12.12,VU,1691338539
541,gebeit,21.0667,36.3167,97.3,24,21,13.35,SD,1691338539
542,belyy yar,53.6039,91.3903,62.49,72,0,4.47,RU,1691338539
543,okhotsk,59.3833,143.3,57.16,79,96,5.77,RU,1691338539
544,sechura,-5.5569,-80.8222,78.03,58,9,5.88,PE,1691338539
545,avare,-23.0986,-48.9258,84.74,20,0,7.9,BR,1691338307
546,pontes e lacerda,-15.2261,-59.3353,98.11,21,27,8.68,BR,1691338540
547,coahuayana de hidalgo,18.7,-103.6583,82.58,76,100,2.08,MX,1691338540
548,aksu,41.1231,80.2644,83.28,30,76,13.87,CN,1691338540
549,salekhard,66.53,66.6019,73.62,53,6,6.69,RU,1691338540
550,port hedland,-20.3167,118.5667,68.05,45,8,6.91,AU,1691338540
551,stornoway,58.2093,-6.3865,61.09,79,75,0.0,GB,1691338541
552,ghormach,35.7306,63.7826,88.9,22,2,8.99,AF,1691338541
553,tromso,69.6496,18.957,62.62,45,20,9.22,NO,1691338541
554,pandan,14.0453,124.1694,82.67,76,26,11.56,PH,1691338541
555,alpu,39.769,30.9606,93.47,19,0,17.27,TR,1691338541
556,ketchikan,55.3422,-131.6461,64.87,88,0,11.5,US,1691338541
557,bytow,54.1706,17.4919,70.21,94,100,3.71,PL,1691338542
558,lamu,-2.2717,40.902,77.22,82,34,16.35,KE,1691338542
559,guacamayas,18.0167,-102.2167,84.25,68,100,2.28,MX,1691338542
560,farshut,26.0549,32.1633,105.31,9,17,10.76,EG,1691338542
561,hassi messaoud,31.6804,6.0729,100.26,15,0,8.05,DZ,1691338542
562,frontera,26.9333,-101.45,88.9,52,1,3.0,MX,1691338542
563,pantai remis,4.4557,100.6288,80.62,83,89,3.65,MY,1691338543
564,morehead city,34.7229,-76.726,87.8,73,59,8.01,US,1691338543
565,hammerfest,70.6634,23.6821,57.65,62,40,10.36,NO,1691338543
566,antsiranana,-12.2787,49.2917,73.62,76,94,18.1,MG,1691338543
567,hirara,24.8,125.2833,82.26,89,95,16.11,JP,1691338543
568,beyneu,45.3167,55.2,93.42,20,2,7.87,KZ,1691338544
569,gadani,25.1185,66.7299,82.62,84,93,20.65,PK,1691338544
